host, ip, mac, "os"
goz-srtr-vlan487.Stanford.EDU, 171.64.144.1, 00:10:DB:FF:80:80, ""
bonair-144net-01.Stanford.EDU, 171.64.144.10, 00:19:B9:AF:25:01, ""
fac-projecto-dev.Stanford.EDU, 171.64.144.12, 00:0C:29:D0:40:26, "Microsoft Windows Server 2003 SP1 or SP2 (100%)"
Form1record.Stanford.EDU, 171.64.144.14, 00:50:56:AD:63:3A, "Microsoft Windows Server 2003 SP1 or SP2 (100%)"
res-fuho.Stanford.EDU, 171.64.144.15, 00:50:56:AD:63:3A, "Microsoft Windows Server 2003 SP1 or SP2 (100%)"
cpm-webserver.Stanford.EDU, 171.64.144.17, 00:50:56:AD:63:3A, "Microsoft Windows Server 2003 SP1 or SP2 (100%)"
form1-2005.Stanford.EDU, 171.64.144.20, 00:50:56:AD:63:3A, ""
lbre-bacula.Stanford.EDU, 171.64.144.21, 00:0C:29:43:8D:6B, ""
lbre-arcgis.Stanford.EDU, 171.64.144.22, 00:50:56:AE:00:08, ""
CPM-FTP.Stanford.EDU, 171.64.144.23, 00:50:56:AD:35:D4, "Microsoft Windows Server 2003 SP1 or SP2 (100%)"
fac-projecto.Stanford.EDU, 171.64.144.24, 00:50:56:AD:2E:44, "Microsoft Windows Server 2003 SP1 or SP2 (100%)"
rep60.Stanford.EDU, 171.64.144.25, 00:50:56:AD:5E:FF, "Microsoft Windows Server 2003 SP1 or SP2 (100%)"
DPMMSIIS.Stanford.EDU, 171.64.144.26, 00:50:56:AD:63:3A, "Microsoft Windows Server 2003 SP1 or SP2 (100%)"
DPM-IIS08dev.Stanford.EDU, 171.64.144.27, 00:50:56:AD:7B:79, "Microsoft Windows Vista (100%)"
Benchmark-dev.Stanford.EDU, 171.64.144.28, 00:50:56:AD:63:3A, "Microsoft Windows Server 2003 SP1 or SP2 (100%)"
benchmark.Stanford.EDU, 171.64.144.29, 00:50:56:AD:63:3A, ""
FPA.Stanford.EDU, 171.64.144.30, 00:50:56:AD:63:3A, "Microsoft Windows Server 2003 SP1 or SP2 (100%)"
nagios-porter.Stanford.EDU, 171.64.144.35, , "Linux 2.6.19 - 2.6.20 (100%)"
lbre-iis-1.Stanford.EDU, 171.64.144.36, 00:50:56:AE:00:0C, "Microsoft Windows Vista (100%) *OR* Microsoft Windows Vista Home Basic (100%)"
fac-web1-dev.Stanford.EDU, 171.64.144.37, 00:50:56:AD:21:58, ""
lbre-apps-dev.Stanford.EDU, 171.64.144.38, 00:50:56:AD:21:58, ""
lbre-internal-dev.Stanford.EDU, 171.64.144.39, 00:50:56:AD:21:58, ""
lbre-fme.Stanford.EDU, 171.64.144.40, 00:50:56:AE:00:00, "Microsoft Windows 2000 SP3/SP4 or Windows XP SP1/SP2 (100%)"
lbre-chef.Stanford.EDU, 171.64.144.41, 00:0C:29:55:EE:4F, ""
fac-webdev.Stanford.EDU, 171.64.144.44, 00:14:22:FE:B4:90, "Linux 2.6.9 - 2.6.26 (100%)"
lbre-internal-temp.Stanford.EDU, 171.64.144.45, 00:14:22:FE:B4:90, "Linux 2.6.9 - 2.6.26 (100%)"
lbre-internal.Stanford.EDU, 171.64.144.46, 00:50:56:AD:48:95, "Linux 2.6.9 - 2.6.26 (100%)"
bondata.Stanford.EDU, 171.64.144.50, 60:EB:69:D2:AC:29, "Linux 2.6.17 - 2.6.22 (100%)"
fac-fprd1.Stanford.EDU, 171.64.144.51, 60:EB:69:D2:AC:29, "Linux 2.6.17 - 2.6.22 (100%)"
bondata4.Stanford.EDU, 171.64.144.52, 00:14:22:75:09:08, "Linux 2.6.17 - 2.6.22 (100%)"
bondata2.Stanford.EDU, 171.64.144.53, 60:EB:69:DC:3D:29, "Linux 2.6.17 - 2.6.22 (100%)"
bondata5.Stanford.EDU, 171.64.144.54, 00:21:9B:4F:2A:E4, "Linux 2.6.17 - 2.6.22 (100%)"
bondata1.Stanford.EDU, 171.64.144.55, 00:13:72:66:D9:00, "Linux 2.6.17 - 2.6.22 (100%)"
bonapp3.Stanford.EDU, 171.64.144.56, 00:50:56:AD:6C:A2, "Linux 2.6.9 - 2.6.25 (100%)"
bonapp4.Stanford.EDU, 171.64.144.57, 00:50:56:AD:69:20, "Linux 2.6.9 - 2.6.25 (100%)"
bonapp8.Stanford.EDU, 171.64.144.58, 00:14:22:FE:B4:94, "Linux 2.6.9 - 2.6.25 (100%)"
bonapp9.Stanford.EDU, 171.64.144.59, 00:14:22:FE:B4:A2, "Linux 2.6.9 - 2.6.25 (100%)"
custom-maps-OLD.Stanford.EDU, 171.64.144.60, 00:50:56:AE:00:08, ""
fops-cf-dev.Stanford.EDU, 171.64.144.61, 00:50:56:AD:7C:78, "Linux 2.6.9 - 2.6.15 (x86) (100%)"
lbre-mirror01.Stanford.EDU, 171.64.144.62, 00:25:90:60:11:5A, ""
lbre-cf1-dev.Stanford.EDU, 171.64.144.63, 00:50:56:AE:00:14, "Linux 2.6.17 - 2.6.22 (100%)"
fac-brio.Stanford.EDU, 171.64.144.69, 00:50:56:AD:06:AB, "Microsoft Windows Server 2003 SP1 or SP2 (100%)"
fac-archive.Stanford.EDU, 171.64.144.70, 00:15:C5:87:6B:5E, "Microsoft Windows Vista (92%) *OR* Microsoft Windows Vista Home Basic (91%) *OR* Microsoft Windows Vista Home Premium (87%) *OR* Microsoft Windows Vista SP0 or SP1, or Windows Server 2008 (86%) *OR* Microsoft Windows Server 2008 Beta 3 (85%)"
fac-mapguide.Stanford.EDU, 171.64.144.71, 00:50:56:AD:10:5C, "Microsoft Windows Server 2003 SP1 or SP2 (100%)"
mapagent.Stanford.EDU, 171.64.144.72, 00:50:56:AD:10:5C, "Microsoft Windows Server 2003 SP1 or SP2 (100%)"
fac-web1.Stanford.EDU, 171.64.144.73, 00:50:56:AD:48:95, "Linux 2.6.9 - 2.6.26 (100%)"
lbre-apps.Stanford.EDU, 171.64.144.74, 00:50:56:AD:48:95, "Linux 2.6.9 - 2.6.26 (100%)"
fac-utildb.Stanford.EDU, 171.64.144.75, 00:1C:23:C5:AF:86, "Microsoft Windows Server 2003 SP1 or SP2 (100%)"
scadaweb.Stanford.EDU, 171.64.144.76, A4:BA:DB:38:63:39, "Microsoft Windows Vista SP0 or SP1, or Windows Server 2008 (100%)"
fac-dvopc.Stanford.EDU, 171.64.144.77, 00:22:19:21:66:27, "Microsoft Windows Server 2003 SP1 or SP2 (100%)"
lbre-iis1-dev.Stanford.EDU, 171.64.144.78, 00:50:56:AE:00:04, "Microsoft Windows Vista Home Basic (100%)"
lbre-ganglia.Stanford.EDU, 171.64.144.79, 00:50:56:AE:00:02, ""
lbre-pagegate.Stanford.EDU, 171.64.144.80, 90:B1:1C:17:F5:F4, "Microsoft Windows Vista (100%)"
lbre-pserver.Stanford.EDU, 171.64.144.81, 00:50:56:AE:00:13, "Microsoft Windows Vista (100%)"
DPM-SQL.Stanford.EDU, 171.64.144.82, 00:50:56:AD:56:B0, "Microsoft Windows Server 2003 SP1 or SP2 (100%)"
DPM-SQL08dev.Stanford.EDU, 171.64.144.83, 00:50:56:AD:4D:30, "Microsoft Windows Vista (100%)"
maps-grsdt.Stanford.EDU, 171.64.144.84, 00:21:9B:2F:C3:44, "Microsoft Windows Server 2003 SP1 or SP2 (100%)"
fac-sotiserver.Stanford.EDU, 171.64.144.86, 00:50:56:AD:04:46, "Microsoft Windows Server 2003 SP1 or SP2 (100%)"
lbre-rover.Stanford.EDU, 171.64.144.87, 00:50:56:AE:00:06, "Microsoft Windows Vista (100%)"
fac-hvac.Stanford.EDU, 171.64.144.89, 00:50:56:AD:7A:FB, "Microsoft Windows Server 2003 SP1 or SP2 (100%)"
fac-camserver.Stanford.EDU, 171.64.144.90, 00:13:72:28:C3:D2, "Microsoft Windows Server 2003 SP1 or SP2 (100%)"
lbre-mge.Stanford.EDU, 171.64.144.91, 00:50:56:AE:00:17, ""
lbre-db01.Stanford.EDU, 171.64.144.93, 00:50:56:AE:00:0E, ""
lbrehr.Stanford.EDU, 171.64.144.94, 00:50:56:AD:48:95, "Linux 2.6.9 - 2.6.26 (100%)"
lbre-syslog.Stanford.EDU, 171.64.144.96, 00:50:56:AE:00:1A, ""
lbre-dbvip.Stanford.EDU, 171.64.144.97, 00:50:56:AE:00:1D, ""
fac-fs2.Stanford.EDU, 171.64.144.98, 00:18:8B:E6:30:12, "Microsoft Windows Server 2003 SP1 or SP2 (100%)"
lbre-quickbooks.Stanford.EDU, 171.64.144.101, 00:50:56:AE:00:2C, "Microsoft Windows Server 2003 SP1 or SP2 (100%)"
lbre-haproxy.Stanford.EDU, 171.64.144.102, 00:50:56:AE:00:08, ""
lbre-mge-dev.Stanford.EDU, 171.64.144.103, 00:50:56:AE:00:21, "Linux 2.6.17 - 2.6.22 (100%)"
lbre-mge-test.Stanford.EDU, 171.64.144.104, 00:50:56:AE:00:2B, ""
lbre-cf1.Stanford.EDU, 171.64.144.107, 00:50:56:AE:00:15, ""
PATS-AVAILDB.Stanford.EDU, 171.64.144.108, 00:13:72:63:BB:99, "Microsoft Windows Server 2003 SP1 or SP2 (100%)"
pats-avlserver.Stanford.EDU, 171.64.144.109, 00:0B:DB:E2:AE:C8, "Microsoft Windows 2000 Server SP4 (100%)"
fac-xgate.Stanford.EDU, 171.64.144.110, 00:0B:DB:E2:AE:C0, "Microsoft Windows 2000 Server SP4 (100%)"
lbre-fuelmaster.Stanford.EDU, 171.64.144.111, 00:50:56:AE:00:18, "Microsoft Windows Vista SP0 or SP1, or Windows Server 2008 (100%)"
fac-pserver.Stanford.EDU, 171.64.144.114, 00:50:56:AD:2B:83, "Microsoft Windows Server 2003 SP1 or SP2 (100%)"
lbre-dfs1.Stanford.EDU, 171.64.144.115, 00:50:56:AE:00:1F, "Microsoft Windows Vista (100%)"
lbre-dfs2.Stanford.EDU, 171.64.144.116, 00:50:56:AE:00:2D, "Microsoft Windows Vista Home Basic (98%) *OR* Microsoft Windows Vista (97%) *OR* Microsoft Windows Vista Home Premium (93%)"
lbre-cf2.Stanford.EDU, 171.64.144.118, 00:50:56:AE:00:24, ""
fac-harvester.Stanford.EDU, 171.64.144.119, 08:00:20:82:65:90, "Sun Solaris 8 (SPARC) (100%)"
lbre-basemap.Stanford.EDU, 171.64.144.120, 00:50:56:AE:00:08, ""
lbre-vdr01.Stanford.EDU, 171.64.144.122, 00:50:56:AE:00:0D, "Linux 2.6.17 - 2.6.22 (100%) *OR* Linux 2.6.23 (100%)"
fac-deltavweb.Stanford.EDU, 171.64.144.124, 00:22:19:21:66:09, "Microsoft Windows Server 2003 SP1 or SP2 (100%)"
lbre-pats-repo.Stanford.EDU, 171.64.144.127, 00:50:56:AE:00:33, "Microsoft Windows Vista SP0 or SP1, or Windows Server 2008 (100%)"
lbre-vc01.Stanford.EDU, 171.64.144.130, 00:0C:29:E6:B7:F2, "Microsoft Windows Server 2003 SP1 or SP2 (100%)"
ISES.Stanford.EDU, 171.64.144.133, 00:06:5B:8C:72:1D, "Microsoft Windows Server 2003 SP1 or SP2 (100%)"
bonair.Stanford.EDU, 171.64.144.134, 00:50:56:AD:64:72, "Linux 2.6.9 - 2.6.26 (100%)"
lbre-arcgis-dev.Stanford.EDU, 171.64.144.135, 00:50:56:AE:00:08, ""
lbre-krbtest1.Stanford.EDU, 171.64.144.136, 00:50:56:AE:00:31, "Linux 2.6.22 (92%) *OR* Linux 2.6.17 - 2.6.23 (88%) *OR* Linux 2.6.15 - 2.6.20 (87%) *OR* Linux 2.6.21 (87%) *OR* Linux 2.6.20 (86%) *OR* Linux 2.6.20 (Ubuntu, x86_64) (86%) *OR* Linux 2.6.23 (86%) *OR* Vodavi XTS-IP PBX (85%)"
fops-cf.Stanford.EDU, 171.64.144.137, 00:50:56:AD:13:85, "Linux 2.6.9 - 2.6.15 (x86) (100%)"
lbre-krbtest2.Stanford.EDU, 171.64.144.138, 00:50:56:AE:00:30, ""
lbre-archive.Stanford.EDU, 171.64.144.139, 00:1C:23:B8:15:E8, ""
lbre-krbtest3.Stanford.EDU, 171.64.144.140, 00:50:56:AE:00:0B, "Linux 2.6.22 (87%) *OR* Linux 2.6.9 - 2.6.19 (87%) *OR* OpenWrt 7.09 (Linux 2.6.22) (85%) *OR* Vodavi XTS-IP PBX (85%)"
fac-web3.Stanford.EDU, 171.64.144.142, 00:50:56:AD:17:4D, "Linux 2.6.9 - 2.6.26 (100%)"
hannahousetours.Stanford.EDU, 171.64.144.143, 00:50:56:AD:17:4D, "Linux 2.6.9 - 2.6.26 (100%)"
lbre-xc2.Stanford.EDU, 171.64.144.144, 00:50:56:AE:00:34, "Microsoft Windows Vista (100%)"
hannahousetours-dev.Stanford.EDU, 171.64.144.145, 00:50:56:AD:1C:A8, "Linux 2.6.9 - 2.6.26 (100%)"
lbre-oraapp-dev.Stanford.EDU, 171.64.144.146, 00:50:56:AE:00:16, ""
lbre-puppet01.Stanford.EDU, 171.64.144.147, 00:50:56:AE:00:0A, ""
lbre-sem-hist1.Stanford.EDU, 171.64.144.149, 90:B1:1C:41:82:72, "Microsoft Windows Vista SP0 or SP1, or Windows Server 2008 (100%)"
tmpsw02.Stanford.EDU, 171.64.144.151, 00:15:C5:E0:9B:4B, "SMC 8024L2 switch (96%) *OR* Netgear ProSafe GS724T switch (89%)"
lbre-4d1.Stanford.EDU, 171.64.144.153, 90:B1:1C:09:40:AB, "Microsoft Windows Vista (100%) *OR* Microsoft Windows Vista Home Basic (100%)"
lbre-db02.Stanford.EDU, 171.64.144.154, 00:50:56:AE:00:1C, "Linux 2.6.18 - 2.6.24 (90%) *OR* Linux 2.6.21 (Arch Linux 0.8, x86) (90%) *OR* Linux 2.6.18-8.el5 (Red Hat Enterprise Linux 5) (89%) *OR* Linux 2.6.22 (89%) *OR* Linux 2.6.23 (89%) *OR* OpenWrt 7.09 (Linux 2.6.22) (89%) *OR* OpenWrt 0.9 - 7.09 (Linux 2.4.30 - 2.4.34) (88%) *OR* Linux 2.6.18.8 (openSUSE 10.2, SMP) (87%) *OR* Linux 2.6.9 - 2.6.19 (86%) *OR* D-Link DSA-3100 or Linksys WRT54GL (DD-WRT v23) wireless router (85%)"
lbre-fai.Stanford.EDU, 171.64.144.155, 00:50:56:AE:00:2A, ""
fac-netbackup.Stanford.EDU, 171.64.144.156, 00:06:5B:FE:C8:B5, "Microsoft Windows Server 2003 SP2 (100%)"
testrep60.Stanford.EDU, 171.64.144.157, 00:50:56:AE:00:19, "Microsoft Windows Server 2003 SP1 or SP2 (100%)"
lbre-arcgis-5.Stanford.EDU, 171.64.144.158, 00:50:56:AE:00:29, "Microsoft Windows Vista SP0 or SP1, or Windows Server 2008 (100%)"
lbre-arcgis-6.Stanford.EDU, 171.64.144.159, 00:50:56:AE:00:23, "Microsoft Windows Vista SP0 or SP1, or Windows Server 2008 (100%)"
lbre-4d2.Stanford.EDU, 171.64.144.161, 00:15:C5:EA:97:81, "Microsoft Windows Vista (100%) *OR* Microsoft Windows Vista Home Basic (100%)"
lbre-arcgisnew.Stanford.EDU, 171.64.144.162, 00:50:56:AE:00:08, ""
lbre-oraapp.Stanford.EDU, 171.64.144.163, 00:50:56:AE:00:28, ""
form1-archives.Stanford.EDU, 171.64.144.164, 00:50:56:AD:48:95, "Linux 2.6.9 - 2.6.26 (100%)"
form1-new.Stanford.EDU, 171.64.144.165, 00:50:56:AD:48:95, "Linux 2.6.9 - 2.6.26 (100%)"
lbre-lpr.Stanford.EDU, 171.64.144.166, 00:50:56:AE:00:45, "Microsoft Windows Vista Home Basic (100%)"
lbre-boss.Stanford.EDU, 171.64.144.167, 00:50:56:AE:00:3E, "Microsoft Windows Vista SP0 or SP1, or Windows Server 2008 (100%)"
lbre-arcgis-7.Stanford.EDU, 171.64.144.168, 00:50:56:AE:00:20, "Microsoft Windows Vista SP0 or SP1, or Windows Server 2008 (100%)"
lbre-arcgis-8.Stanford.EDU, 171.64.144.169, 00:50:56:AE:00:22, "Microsoft Windows Vista SP0 or SP1, or Windows Server 2008 (100%)"
form1.Stanford.EDU, 171.64.144.170, 00:50:56:AD:17:4D, "Linux 2.6.9 - 2.6.26 (100%)"
lbre-web3.Stanford.EDU, 171.64.144.171, 00:50:56:AE:00:38, "Linux 2.6.18 - 2.6.24 (90%) *OR* Linux 2.6.21 (Arch Linux 0.8, x86) (90%) *OR* Linux 2.6.18-8.el5 (Red Hat Enterprise Linux 5) (89%) *OR* Linux 2.6.22 (89%) *OR* Linux 2.6.23 (89%) *OR* OpenWrt 0.9 - 7.09 (Linux 2.4.30 - 2.4.34) (88%) *OR* OpenWrt 7.09 (Linux 2.6.22) (88%) *OR* Linux 2.6.18.8 (openSUSE 10.2, SMP) (87%) *OR* Linux 2.6.9 - 2.6.19 (86%) *OR* D-Link DSA-3100 or Linksys WRT54GL (DD-WRT v23) wireless router (85%)"
lbre-custmapdev.Stanford.EDU, 171.64.144.172, 00:50:56:AE:00:39, "Microsoft Windows Vista (100%)"
lbre-web3-dev.Stanford.EDU, 171.64.144.173, 00:50:56:AE:00:3A, "Linux 2.6.18 - 2.6.24 (90%) *OR* Linux 2.6.21 (Arch Linux 0.8, x86) (90%) *OR* Linux 2.6.18-8.el5 (Red Hat Enterprise Linux 5) (89%) *OR* Linux 2.6.22 (89%) *OR* Linux 2.6.23 (89%) *OR* OpenWrt 7.09 (Linux 2.6.22) (89%) *OR* OpenWrt 0.9 - 7.09 (Linux 2.4.30 - 2.4.34) (88%) *OR* Linux 2.6.18.8 (openSUSE 10.2, SMP) (87%) *OR* Linux 2.6.9 - 2.6.19 (86%) *OR* D-Link DSA-3100 or Linksys WRT54GL (DD-WRT v23) wireless router (85%)"
arc-2ks.Stanford.EDU, 171.64.144.177, 00:50:56:AE:00:2E, "Microsoft Windows Server 2003 SP1 or SP2 (100%)"
lbre-pptest.Stanford.EDU, 171.64.144.178, 00:50:56:AE:00:3C, "Microsoft Windows Vista (100%) *OR* Microsoft Windows Vista Home Basic (100%)"
lbre-oraapp2.Stanford.EDU, 171.64.144.183, 00:50:56:AE:00:05, ""
lbre-custommaps.Stanford.EDU, 171.64.144.184, 00:50:56:AE:00:41, "Microsoft Windows Vista SP0 or SP1, or Windows Server 2008 (100%)"
lbre-edna-db.Stanford.EDU, 171.64.144.186, 00:50:56:96:75:34, "Microsoft Windows Vista (100%)"
lbre-traka.Stanford.EDU, 171.64.144.187, 00:50:56:AE:00:1E, "Microsoft Windows Server 2003 SP1 or SP2 (100%)"
lbre-sem-hist2.Stanford.EDU, 171.64.144.188, 90:B1:1C:41:B9:84, "Microsoft Windows Vista SP0 or SP1, or Windows Server 2008 (100%)"
lbre-sem-col1.Stanford.EDU, 171.64.144.189, 90:B1:1C:49:18:D6, "Microsoft Windows Vista (100%)"
fac-web2.Stanford.EDU, 171.64.144.190, 00:14:22:FE:B4:9A, "Linux 2.6.9 - 2.6.15 (x86) (100%)"
famis-sunet.Stanford.EDU, 171.64.144.191, 00:50:56:AE:00:42, ""
maps-secure.Stanford.EDU, 171.64.144.192, 00:50:56:AE:00:42, ""
basemap.Stanford.EDU, 171.64.144.193, 00:50:56:AE:00:42, ""
pagegate.Stanford.EDU, 171.64.144.194, 00:50:56:AE:00:42, ""
fac-wireless.Stanford.EDU, 171.64.144.195, 00:14:22:FE:B4:9A, "Linux 2.6.9 - 2.6.15 (x86) (100%)"
facilities-ssl.Stanford.EDU, 171.64.144.196, 00:50:56:AE:00:42, ""
pmplus.Stanford.EDU, 171.64.144.197, 00:50:56:AE:00:42, ""
fac-netbackup2.Stanford.EDU, 171.64.144.198, 00:1E:C9:CD:0C:DD, ""
lbre-routing.Stanford.EDU, 171.64.144.199, 00:50:56:AE:00:42, "Linux 2.6.22 (90%) *OR* Linux 2.6.24 (88%) *OR* Vodavi XTS-IP PBX (88%) *OR* Linux 2.6.13 - 2.6.24 (88%) *OR* Linux 2.6.22 - 2.6.23 (88%) *OR* Linux 2.4.20 (Red Hat 7.2) (87%) *OR* Linux 2.6.17 - 2.6.23 (87%) *OR* Linux 2.6.18 - 2.6.24 (87%) *OR* Linux 2.6.21 (Arch Linux 0.8, x86) (87%) *OR* Linux 2.6.17 - 2.6.21 (87%)"
lbre-sql-1.Stanford.EDU, 171.64.144.204, 00:50:56:AE:00:09, "Microsoft Windows Vista (98%) *OR* Microsoft Windows Vista Home Basic (98%) *OR* Microsoft Windows Vista Home Premium (93%) *OR* Microsoft Windows Vista Enterprise (89%)"
fac-4d2.Stanford.EDU, 171.64.144.205, 00:0B:DB:E2:AA:6C, "Microsoft Windows Server 2003 SP1 or SP2 (100%)"
lbre-ddomain.Stanford.EDU, 171.64.144.206, 00:15:17:56:5B:E0, ""
lbre-ddgateway.Stanford.EDU, 171.64.144.207, 00:50:56:AD:33:83, "Linux 2.6.17 - 2.6.25 (100%)"
fac-docmanage.Stanford.EDU, 171.64.144.208, 00:13:72:66:E5:C0, "Microsoft Windows Server 2003 SP1 or SP2 (100%)"
util-fmserver.Stanford.EDU, 171.64.144.209, 00:50:56:AD:4C:2F, "Microsoft Windows Server 2003 SP1 or SP2 (100%)"
lbre-intelevent.Stanford.EDU, 171.64.144.210, 78:2B:CB:6F:A8:2E, "Microsoft Windows Vista (100%)"
dpm-backup.Stanford.EDU, 171.64.144.211, 00:15:C5:5E:83:92, "Microsoft Windows Server 2003 SP1 or SP2 (100%)"
lbre-cp01.Stanford.EDU, 171.64.144.212, 08:9E:01:17:A4:89, ""
lbre-edna-web.Stanford.EDU, 171.64.144.213, 00:50:56:96:88:04, "Microsoft Windows Vista Home Basic (100%)"
fac-emcs-wireless1.Stanford.EDU, 171.64.144.219, 00:80:67:81:3A:76, ""
fac-esxi-mg.Stanford.EDU, 171.64.144.222, 00:14:22:FE:B4:7A, "FreeNAS 0.686 (FreeBSD 6.2-RELEASE) (100%)"
fac-esxi-proj.Stanford.EDU, 171.64.144.223, 00:19:B9:F6:10:03, "FreeNAS 0.686 (FreeBSD 6.2-RELEASE) (100%)"
fac-web3-dev.Stanford.EDU, 171.64.144.226, 00:50:56:AD:1C:A8, "Linux 2.6.9 - 2.6.26 (100%)"
fac-emcs-piweb.Stanford.EDU, 171.64.144.227, 00:13:72:54:29:F8, "Microsoft Windows Server 2003 SP1 or SP2 (100%)"
lbre-web2.Stanford.EDU, 171.64.144.228, 00:50:56:AE:00:42, ""
fops-cf-new.Stanford.EDU, 171.64.144.232, 00:50:56:AE:00:03, "Linux 2.6.17 - 2.6.22 (100%)"
lbre-kvm-i25.Stanford.EDU, 171.64.144.234, 00:E0:86:0F:B8:3B, ""
lbre-kvm-i26.Stanford.EDU, 171.64.144.235, 00:E0:86:0F:B8:5E, ""
goz-srtr-vlan487.Stanford.EDU, 172.24.144.1, 00:10:DB:FF:80:80, ""
lbre-bladenc1-drac.Stanford.EDU, 172.24.144.13, 00:14:22:FE:55:B3, ""
lbre-bladeenc1-kvm.Stanford.EDU, 172.24.144.14, 00:E0:86:05:CB:ED, ""
lbre-esxi-4.Stanford.EDU, 172.24.144.15, 00:14:22:FE:B3:4E, ""
lbre-mapguide-dev.Stanford.EDU, 172.24.144.16, 00:50:56:AD:48:95, ""
lbre-mapguide-test.Stanford.EDU, 172.24.144.18, 00:50:56:AD:48:95, ""
scadaweb-drac.Stanford.EDU, 172.24.144.19, A4:BA:DB:38:63:41, ""
lbre-kvm-bonair.Stanford.EDU, 172.24.144.20, 00:E0:86:09:91:BB, ""
lbre-sem-hist1-drac.Stanford.EDU, 172.24.144.23, 90:B1:1C:41:82:74, ""
lbre-cf2-dev.Stanford.EDU, 172.24.144.24, 00:50:56:AE:00:12, ""
lbre-emcs-archrock1.Stanford.EDU, 172.24.144.25, 00:0A:9D:F5:0A:3D, ""
lbre-mirror01-rac.Stanford.EDU, 172.24.144.27, 00:25:90:3F:D9:89, ""
lbre-vmh-vdr01.Stanford.EDU, 172.24.144.28, 00:1C:23:B8:17:83, ""
lbrehr-temp.Stanford.EDU, 172.24.144.29, 00:14:22:FE:B4:90, ""
luepframework-temp.Stanford.EDU, 172.24.144.30, 00:14:22:FE:B4:90, ""
lbre-lb1.Stanford.EDU, 172.24.144.31, 00:50:56:AE:00:1D, ""
lbre-lb2.Stanford.EDU, 172.24.144.32, 00:50:56:AE:00:2F, ""
lbre-sesi-1-drac.Stanford.EDU, 172.24.144.35, 90:B1:1C:54:77:26, "Linux 2.6.19 - 2.6.20 (100%)"
lbre-sem-hist2-drac.Stanford.EDU, 172.24.144.36, 90:B1:1C:41:B9:86, "Linux 2.6.9 - 2.6.26 (100%)"
lbre-sem-col1-drac.Stanford.EDU, 172.24.144.37, 90:B1:1C:49:18:D8, "Linux 2.6.9 - 2.6.26 (100%)"
bondata4-bmc.Stanford.EDU, 172.24.144.52, 00:14:22:75:09:09, ""
bondata2-drac.Stanford.EDU, 172.24.144.70, 00:15:C5:87:6B:5F, "Linux 2.6.9 - 2.6.26 (100%)"
lbre-vmh-vdr01-drac.Stanford.EDU, 172.24.144.87, 00:1C:23:B8:17:87, "Linux 2.4.18 - 2.4.32 (likely embedded) (100%)"
lbre-vmh01.Stanford.EDU, 172.24.144.126, 00:50:56:4E:AC:72, "Linux 2.6.21 (Arch Linux 0.8, x86) (96%) *OR* Linux 2.6.9 - 2.6.19 (96%) *OR* Linux 2.6.18-8.el5 (Red Hat Enterprise Linux 5) (96%) *OR* Linux 2.6.23 (95%) *OR* Adaptec Snap Server 520 NAS device, Fortinet FortiGate-60 firewall, Linksys NSLU2 NAS device running Unslung 5.8 (Linux 2.4.22), Netgear SPH200D VoIP phone, Secure Computing SnapGear SG565 firewall (Linux 2.4.31-uc0), or VMware ESX Enterprise Server 3.5 (95%) *OR* Linux 2.6.19 - 2.6.24 (Gentoo) (95%) *OR* T-Home Speedport W 501V WAP (95%) *OR* MikroTik RouterOS software router 3.0beta5 (94%) *OR* Linux 2.6.18 - 2.6.24 (94%) *OR* OpenWrt 0.9 - 7.09 (Linux 2.4.30 - 2.4.34) (94%)"
lbre-vmh02.Stanford.EDU, 172.24.144.127, 00:26:B9:2B:5F:70, ""
lbre-vmh03.Stanford.EDU, 172.24.144.128, 00:24:E8:80:84:AC, ""
lbre-vmh04.Stanford.EDU, 172.24.144.130, 00:0C:29:E6:B7:F2, "Microsoft Windows Server 2003 SP1 or SP2 (100%)"
lbre-esxi-vc1.Stanford.EDU, 172.24.144.131, 00:19:B9:F6:23:95, ""
lbre-vmh05.Stanford.EDU, 172.24.144.132, 00:24:E8:80:A3:38, ""
lbre-vmh06.Stanford.EDU, 172.24.144.133, 78:2B:CB:25:80:00, ""
lbre-vmh07.Stanford.EDU, 172.24.144.134, 78:2B:CB:2D:61:06, ""
lbre-vmh08.Stanford.EDU, 172.24.144.135, D4:AE:52:B5:84:C1, "FreeBSD 5.2.1-RELEASE (93%) *OR* FreeBSD 5.4 or 5.5 (x86) (93%) *OR* FreeNAS (FreeBSD 6.3-STABLE) (93%) *OR* FreeNAS 0.686 (FreeBSD 6.2-RELEASE) (93%) *OR* FreeBSD 5.1 (91%) *OR* FreeBSD 7.0-BETA4 - 7.0 (91%) *OR* FreeBSD 7.0-RELEASE-p1 - 7.0-STABLE (91%) *OR* FreeBSD 7.0-CURRENT (pre-release) (90%) *OR* FreeBSD 7.0-PRERELEASE (90%) *OR* FreeBSD 7.0-RELEASE-p2 (90%)"
lbre-archive-drac.Stanford.EDU, 172.24.144.139, 00:1C:23:B8:15:EC, "Linux 2.4.18 - 2.4.32 (likely embedded) (100%)"
lbre-vc2-drac.Stanford.EDU, 172.24.144.149, 90:B1:1C:46:96:9F, "Linux 2.6.9 - 2.6.26 (100%)"
lbre-vmh-vc2.Stanford.EDU, 172.24.144.151, 90:B1:1C:46:96:9D, "FreeBSD 5.2.1-RELEASE (93%) *OR* FreeBSD 5.4 or 5.5 (x86) (93%) *OR* FreeNAS (FreeBSD 6.3-STABLE) (93%) *OR* FreeNAS 0.686 (FreeBSD 6.2-RELEASE) (93%) *OR* FreeBSD 5.1 (91%) *OR* FreeBSD 7.0-BETA4 - 7.0 (91%) *OR* FreeBSD 7.0-RELEASE-p1 - 7.0-STABLE (91%) *OR* FreeBSD 7.0-CURRENT (pre-release) (90%) *OR* FreeBSD 7.0-PRERELEASE (90%) *OR* FreeBSD 7.0-RELEASE-p2 (90%)"
lbre-4d1-drac.Stanford.EDU, 172.24.144.153, 90:B1:1C:09:40:AD, ""
lbre-pagegate-drac.Stanford.EDU, 172.24.144.180, 90:B1:1C:17:F5:F6, "Linux 2.6.9 - 2.6.26 (100%)"
lbre-vc2.Stanford.EDU, 172.24.144.182, 00:0C:29:CD:F6:86, ""
lbre-traka-333bonair.Stanford.EDU, 172.24.144.198, 00:1E:C9:CD:0C:DD, ""
nas01-ct1.Stanford.EDU, 172.24.144.200, 00:A0:98:25:3A:C5, "NetApp FAS3020 or FAS 3040 NAS device (Data ONTAP 7.0.X - 7.2.X) (100%)"
nas01-ct2.Stanford.EDU, 172.24.144.201, 00:A0:98:25:B9:91, "NetApp FAS3020 or FAS 3040 NAS device (Data ONTAP 7.0.X - 7.2.X) (100%)"
nas01-ct1-bmc.Stanford.EDU, 172.24.144.202, 00:A0:98:25:3A:C1, ""
nas01-ct2-bmc.Stanford.EDU, 172.24.144.203, 00:A0:98:25:B9:8D, ""
lbre-intelevent-drac.Stanford.EDU, 172.24.144.210, 78:2B:CB:6F:A8:30, ""
lbre-cp01-drac.Stanford.EDU, 172.24.144.212, 08:9E:01:17:A4:8B, "Linux 2.6.9 - 2.6.26 (100%)"
lbre-vmh01-drac.Stanford.EDU, 172.24.144.226, 00:24:E8:80:A9:D7, ""
lbre-vmh03-drac.Stanford.EDU, 172.24.144.228, 00:24:E8:80:84:B4, "Linux 2.6.9 - 2.6.26 (100%)"
lbre-vmh05-drac.Stanford.EDU, 172.24.144.232, 00:24:E8:80:A3:40, ""
lbre-vmh06-drac.Stanford.EDU, 172.24.144.233, 78:2B:CB:25:80:02, ""
lbre-vmh07-drac.Stanford.EDU, 172.24.144.234, 78:2B:CB:2D:61:08, "Linux 2.6.9 - 2.6.26 (100%)"
